date,type,category,amount
2025-01-01,Income,Salary,60000
2025-01-05,Expense,Rent,15000
2025-01-08,Expense,Food,4500
2025-01-12,Expense,Transport,2200
2025-01-18,Expense,Entertainment,1800
2025-01-25,Expense,Utilities,2500
2025-02-01,Income,Salary,60000
2025-02-06,Expense,Rent,15000
2025-02-10,Expense,Food,4700
2025-02-13,Expense,Transport,2400
2025-02-20,Expense,Entertainment,2100
2025-02-25,Expense,Utilities,2600
2025-03-01,Income,Salary,60000
2025-03-05,Expense,Rent,15000
2025-03-09,Expense,Food,4900
2025-03-15,Expense,Transport,2500
2025-03-21,Expense,Entertainment,2300
2025-03-26,Expense,Utilities,2700
2025-04-01,Income,Salary,62000
2025-04-05,Expense,Rent,15500
2025-04-09,Expense,Food,5100
2025-04-14,Expense,Transport,2600
2025-04-20,Expense,Entertainment,2500
2025-04-25,Expense,Utilities,2800
2025-05-01,Income,Salary,62000
2025-05-06,Expense,Rent,15500
2025-05-10,Expense,Food,5300
2025-05-15,Expense,Transport,2700
2025-05-22,Expense,Entertainment,2600
2025-05-27,Expense,Utilities,2900
2025-06-01,Income,Salary,62000
2025-06-05,Expense,Rent,15500
2025-06-09,Expense,Food,5500
2025-06-14,Expense,Transport,2800
2025-06-20,Expense,Entertainment,2800
2025-06-26,Expense,Utilities,3000
2025-07-01,Income,Salary,64000
2025-07-05,Expense,Rent,16000
2025-07-09,Expense,Food,5700
2025-07-14,Expense,Transport,2900
2025-07-21,Expense,Entertainment,3000
2025-07-26,Expense,Utilities,3100
2025-08-01,Income,Salary,64000
2025-08-06,Expense,Rent,16000
2025-08-10,Expense,Food,5900
2025-08-15,Expense,Transport,3000
2025-08-22,Expense,Entertainment,3200
2025-08-27,Expense,Utilities,3200
2025-09-01,Income,Salary,64000
2025-09-05,Expense,Rent,16000
2025-09-09,Expense,Food,6100
2025-09-14,Expense,Transport,3100
2025-09-21,Expense,Entertainment,3300
2025-09-26,Expense,Utilities,3300
2025-10-01,Income,Salary,66000
2025-10-05,Expense,Rent,16500
2025-10-09,Expense,Food,6300
2025-10-14,Expense,Transport,3200
2025-10-21,Expense,Entertainment,3500
2025-10-26,Expense,Utilities,3400
2025-11-01,Income,Salary,66000
2025-11-05,Expense,Rent,16500
2025-11-09,Expense,Food,6500
2025-11-14,Expense,Transport,3300
2025-11-21,Expense,Entertainment,3700
2025-11-26,Expense,Utilities,3500
2025-12-01,Income,Salary,66000
2025-12-05,Expense,Rent,16500
2025-12-09,Expense,Food,6700
2025-12-14,Expense,Transport,3400
2025-12-21,Expense,Entertainment,3900
2025-12-26,Expense,Utilities,3600
